month,sessions,orders,revenue,gross_profit,conversion_rate,aov,revenue_growth_pct
2012-03,1879,60,2999.4,1830.0000000000002,0.031931878658861094,49.99,
2012-04,3734,99,4949.01,3019.5000000000005,0.026513122656668452,49.99,65.00000000000001
2012-05,3736,108,5398.92,3294.0000000000005,0.028907922912205567,49.99,9.090909090909083
2012-06,3963,140,6998.6,4270.000000000001,0.03532677264698461,49.99,29.629629629629626
2012-07,4249,169,8448.31,5154.500000000001,0.03977406448576135,49.989999999999995,20.714285714285708
2012-08,6097,228,11397.720000000001,6954.000000000001,0.03739544038051501,49.99,34.91124260355032
2012-09,6546,287,14347.130000000001,8753.500000000002,0.04384356859150626,49.99,25.877192982456144
2012-10,8183,371,18546.29,11315.500000000002,0.045337895637296836,49.99,29.268292682926834
2012-11,14011,618,30893.82,18849.000000000004,0.044108200699450435,49.99,66.57681940700809
2012-12,10072,506,25294.940000000002,15433.000000000002,0.05023828435266084,49.99,-18.12297734627831
2013-01,6401,390,19966.100000000002,12224.000000000002,0.060927980003124514,51.19512820512821,-21.066822060064183
2013-02,7168,498,26515.02,16323.000000000002,0.06947544642857142,53.243012048192774,32.80019633278406
2013-03,6264,385,19896.15,12197.500000000002,0.06146232439335888,51.678311688311695,-24.96271924365887
2013-04,7971,553,28584.47,17524.5,0.06937648977543595,51.6898191681736,43.66834789645233
2013-05,8449,571,29364.29,17989.5,0.06758196236240975,51.42607705779335,2.7281247474590264
2013-06,8325,593,30544.07,18716.5,0.07123123123123123,51.5077065767285,4.017737190308357
2013-07,8903,604,31143.960000000003,19087.0,0.06784230034819724,51.56284768211921,1.9640146188769414
2013-08,9180,608,31373.920000000002,19230.0,0.06623093681917211,51.60184210526316,0.7383775216767585
2013-09,9580,629,32723.65,20053.500000000004,0.06565762004175366,52.02488076311606,4.3020763742624535
2013-10,10773,708,38242.62,23454.000000000004,0.0657198551935394,54.015,16.86538634901669
2013-11,14032,861,46631.020000000004,28607.000000000004,0.06135974914481186,54.15914053426249,21.934689621160896
2013-12,15735,1047,58262.600000000006,36190.0,0.0665395614871306,55.64718242597899,24.943867837332313
2014-01,14825,982,56568.89,35366.5,0.06623946037099494,57.60579429735234,-2.9070278360389112
2014-02,16285,1021,66012.52,41762.0,0.06269573226895916,64.65476983349657,16.694034477254192
2014-03,15669,1066,68189.73,43068.5,0.06803242070329951,63.96785178236397,3.2981773760492494
2014-04,17353,1241,78725.43000000001,49713.5,0.07151501181351928,63.43709105560033,15.45056711619186
2014-05,18061,1368,88935.27,56167.5,0.07574331432368087,65.01116228070175,12.9689224942944
2014-06,17715,1239,80051.25,50600.5,0.06994072819644369,64.60956416464892,-9.98931020280256
2014-07,19038,1286,83288.55,52566.5,0.06754911230171236,64.76559097978227,4.044034290532639
2014-08,18590,1325,84716.08,53579.0,0.07127487896718666,63.9366641509434,1.713957080535078
2014-09,19513,1424,92232.49,58309.5,0.0729769896991749,64.77000702247192,8.872471436355411
2014-10,21526,1609,103905.98000000001,65747.0,0.07474681780172815,64.57798632691113,12.656592053407657
2014-11,25125,1985,128162.98000000001,80985.0,0.07900497512437811,64.56573299748112,23.345143369034194
2014-12,29722,2314,144823.02000000002,91857.0,0.07785478769934728,62.58557476231634,12.999104733675825
2015-01,25337,2098,132211.54,83911.0,0.08280380471247582,63.0178932316492,-8.708201223810974
2015-02,23778,2068,129212.94,82006.0,0.08697114980233829,62.48207930367505,-2.2680319736083643
2015-03,15083,1254,78951.07,50030.5,0.08313995889411921,62.959385964912286,-38.898480291524976
